Algorithm,Average Reward,Fairness (Jain Index),Energy Efficiency,Interference (%),Spectrum Utilization (%),QoS Violation Rate (%),PU Collision (%),Hypervolume
Random,1.469056878807733,1.0,6596.445247471858,8.0,13.0,11.0,2.6666666666666665,-
Greedy,3.6955801098657473,0.9999999999999998,13258.067207592621,8.0,24.0,15.0,2.6666666666666665,-
PPO Alone,4024.4507682706558,0.9999999999999999,11864.480747302205,26.77734375,56.822916666666664,42.180989583333336,26.77734375,-
NSGA-II + PPO,3433.730253583325,1.0000000000000002,12022.98540599358,22.884114583333332,48.834635416666664,36.145833333333336,22.884114583333332,0.651582
