Algorithm,Average Reward,Fairness (Jain Index),Energy Efficiency,Interference (%),Spectrum Utilization (%),QoS Violation Rate (%),PU Collision (%),Hypervolume
Random,0.9218607226791921,1.0,3770.8047298820165,7.0,11.0,10.0,2.3333333333333335,-
Greedy,3.272315496777199,0.9999999999999998,17590.18182674956,7.0,20.0,12.0,2.3333333333333335,-
PPO Alone,3988.447110411682,1.0000000000000002,11961.052541962203,26.263020833333332,56.165364583333336,41.360677083333336,26.263020833333332,-
NSGA-II + PPO,3373.167687982821,0.9999999999999997,11527.156262122604,23.1640625,47.877604166666664,35.25390625,23.1640625,0.651582
