,Optimal_SE,Minimal_Interference,Minimal_Energy
Spectrum Efficiency,1.0484559679366918,0.025875564317275685,0.02097657090561211
Interference,1.0374703488206405,0.0041394071692164745,0.02019066898020765
Energy Consumption,1.0221132531746553,0.02459462644975853,0.005483969446526427
