Generation,Hypervolume
0,1.1576249460855053
1,1.1576249460855053
2,1.1576249460855053
3,1.1576249460855053
4,1.1576249460855053
5,1.1576249460855053
6,1.1576249460855053
7,1.1576249460855053
8,1.1576249460855053
9,1.1576249460855053
10,1.1576249460855053
11,1.1576249460855053
12,1.1576249460855053
13,1.1576249460855053
14,1.1576249460855053
15,1.1576249460855053
16,1.1576249460855053
17,1.1576249460855053
18,1.1576249460855053
19,1.1576249460855053
20,1.1576249460855053
21,1.1576249460855053
22,1.1576249460855053
23,1.1576249460855053
24,1.1576249460855053
25,1.1576249460855053
26,1.1576249460855053
27,1.1576249460855053
28,1.1576249460855053
29,1.1576249460855053
30,1.1576249460855053
31,1.1576249460855053
32,1.1576249460855053
33,1.1576249460855053
34,1.1576249460855053
35,1.1576249460855053
36,1.1576249460855053
37,1.1576249460855053
38,1.1576249460855053
39,1.1576249460855053
40,1.1576249460855053
41,1.1576249460855053
42,1.1576249460855053
43,1.1576249460855053
44,1.1576249460855053
45,1.1576249460855053
46,1.1576249460855053
47,1.1576249460855053
48,1.1576249460855053
49,1.1576249460855053
50,1.1576249460855053
51,1.1576249460855053
52,1.1576249460855053
53,1.1576249460855053
54,1.1576249460855053
55,1.1576249460855053
56,1.1576249460855053
57,1.1576249460855053
58,1.1576249460855053
59,1.1576249460855053
60,1.1576249460855053
61,1.1576249460855053
62,1.1576249460855053
63,1.1576249460855053
64,1.1576249460855053
65,1.1576249460855053
66,1.1576249460855053
67,1.1576249460855053
68,1.1576249460855053
69,1.1576249460855053
70,1.1576249460855053
71,1.1576249460855053
72,1.1576249460855053
73,1.1576249460855053
74,1.1576249460855053
75,1.1576249460855053
76,1.1576249460855053
77,1.1576249460855053
78,1.1576249460855053
79,1.1576249460855053
80,1.1576249460855053
81,1.1576249460855053
82,1.1576249460855053
83,1.1576249460855053
84,1.1576249460855053
85,1.1576249460855053
86,1.1576249460855053
87,1.1576249460855053
88,1.1576249460855053
89,1.1576249460855053
90,1.1576249460855053
91,1.1576249460855053
92,1.1576249460855053
93,1.1576249460855053
94,1.1576249460855053
95,1.1576249460855053
96,1.1576249460855053
97,1.1576249460855053
98,1.1576249460855053
99,1.1576249460855053
