Method,Runtime (s)
NSGA-II,47.337822675704956
PPO,962.186820268631
NSGA-II + PPO,961.940509557724
