Spectrum Efficiency,Interference,Energy Consumption
1.0484559679366918,1.0374703488206405,1.0221132531746553
1.0318695143421286,1.0125805301996598,1.0106744503256992
1.0293037433145482,1.020697741572288,1.0326613245780674
1.0291965826965226,1.008637374935595,1.0023224664028032
1.028173180072548,1.0324795078959907,1.0021966423157622
